method_id,dataset_id
M_105299a00f21,D_a5a5da144741
M_1261ba2dd7d6,D_0cb45c03b48c
M_1261ba2dd7d6,D_3c63c27c6e70
M_2a9b7ac8647e,D_54d615c39d88
M_2a9b7ac8647e,D_72125e979f80
M_2b4810132c1c,D_90b058566c52
M_2b4810132c1c,D_9bcf151a9cbb
M_2b4810132c1c,D_b0d40decc621
M_3f6b38cb60d1,D_90b058566c52
M_3f6b38cb60d1,D_9bcf151a9cbb
M_3f6b38cb60d1,D_b0d40decc621
M_418f7902b01e,D_25c23a0849ca
M_418f7902b01e,D_4d29957e635f
M_418f7902b01e,D_8ef5b38574b6
M_4a653ff8d237,D_90b058566c52
M_4a653ff8d237,D_9bcf151a9cbb
M_4a653ff8d237,D_b0d40decc621
M_4b06671398e0,D_3b3127ff50f9
M_4b06671398e0,D_8a6d2c80876f
M_4b06671398e0,D_b3fc65850ec7
M_4b06671398e0,D_fd58d08cf68f
M_5fe2048b1ac3,D_61a7eac54f21
M_5fe2048b1ac3,D_d006874aab35
M_5fe2048b1ac3,D_ed519ba5eb15
M_61b45f77280e,D_90b058566c52
M_61b45f77280e,D_9bcf151a9cbb
M_61b45f77280e,D_b0d40decc621
M_6378fa24c950,D_d685ebe6f1d1
M_63903d40cf29,D_940d6da2ce79
M_7370a3595e96,D_90b058566c52
M_7370a3595e96,D_9bcf151a9cbb
M_7370a3595e96,D_b0d40decc621
M_96d4bef2c90e,D_b6b2ff3fec47
M_9a085f809fa7,D_351c3ea16fe3
M_a24d8fce90fb,D_cb240a165671
M_a44e3ff37ab0,D_0ccc59d0ccd1
M_a4e6cf2e60a1,D_90b058566c52
M_a4e6cf2e60a1,D_9bcf151a9cbb
M_a4e6cf2e60a1,D_b0d40decc621
M_afbd3f1515c8,D_4c48c7caf427
M_afbd3f1515c8,D_b71a13fe0926
M_be8ee8d46209,D_20bf4829ee02
M_c0a4e7fcf815,D_72527c60d20a
M_c3642529f3f7,D_d6c9e5058083
M_c63c40d7f49f,D_351c3ea16fe3
M_c6bc5c3e1857,D_075c217195de
M_eb4c69c5164f,D_90b058566c52
M_eb4c69c5164f,D_9bcf151a9cbb
M_eb4c69c5164f,D_b0d40decc621
M_f10015dba7da,D_6a03d5d73545
M_ffaf41cf0b8d,D_23b3eb68fb12
M_ffaf41cf0b8d,D_cc09af89a2ca
