datasetmention_id,dataset_id
DM_09d83bd05b77,D_90b058566c52
DM_0b65dd524cd1,D_0cb45c03b48c
DM_13a9edc3fccc,D_61a7eac54f21
DM_17d049639094,D_54d615c39d88
DM_1ebda0e1445a,D_72125e979f80
DM_1f87eb8d173c,D_0ccc59d0ccd1
DM_21c34837f781,D_ed519ba5eb15
DM_2911eeedb9b6,D_20bf4829ee02
DM_37a1e4dc0519,D_d006874aab35
DM_39cdd4789cd3,D_b0d40decc621
DM_3a90ffee0a52,D_351c3ea16fe3
DM_441feb4018ed,D_6a03d5d73545
DM_4db937068b3a,D_351c3ea16fe3
DM_52e401f1436e,D_90b058566c52
DM_5315c018aa59,D_9bcf151a9cbb
DM_5a95f52b7b04,D_90b058566c52
DM_5f0df66abaf7,D_cc09af89a2ca
DM_60158d21d371,D_a5a5da144741
DM_69b1a4a7e2b7,D_b3fc65850ec7
DM_6e4a8265da5f,D_90b058566c52
DM_7154dcc62bb7,D_fd58d08cf68f
DM_72d3e30a11c8,D_b0d40decc621
DM_755153c7980a,D_b0d40decc621
DM_75cb37ad4565,D_8ef5b38574b6
DM_7f70e1702c91,D_90b058566c52
DM_81d71384d80c,D_9bcf151a9cbb
DM_87305f3db234,D_4c48c7caf427
DM_915ae66a5c22,D_4d29957e635f
DM_9700099fb5c4,D_23b3eb68fb12
DM_987af4d9322e,D_940d6da2ce79
DM_9dd958aa4eaf,D_25c23a0849ca
DM_a6c339d31cbe,D_b6b2ff3fec47
DM_a6fcca071f52,D_d685ebe6f1d1
DM_a9aedfb35d92,D_9bcf151a9cbb
DM_ae4cff028cec,D_90b058566c52
DM_b19057799c2d,D_b0d40decc621
DM_b82b2b5be9c6,D_72527c60d20a
DM_bc34ee337f53,D_9bcf151a9cbb
DM_bfd0ec762001,D_9bcf151a9cbb
DM_c9f4715ae228,D_90b058566c52
DM_cb94b66510e4,D_9bcf151a9cbb
DM_cfaf1c4788cc,D_8a6d2c80876f
DM_d8dcd872d73a,D_cb240a165671
DM_ddee4782c43f,D_b0d40decc621
DM_dfe7170789c7,D_b0d40decc621
DM_ece907d22f0a,D_9bcf151a9cbb
DM_f05830d343bb,D_3c63c27c6e70
DM_f0abb042e971,D_075c217195de
DM_f19855810033,D_b0d40decc621
DM_f4001dc21668,D_b71a13fe0926
DM_f5833f39715a,D_d6c9e5058083
DM_fc2d20204ff9,D_3b3127ff50f9
